[{"model": "contenttypes.contenttype", "pk": 1, "fields": {"app_label": "admin", "model": "logentry"}}, {"model": "contenttypes.contenttype", "pk": 2, "fields": {"app_label": "auth", "model": "permission"}}, {"model": "contenttypes.contenttype", "pk": 3, "fields": {"app_label": "auth", "model": "group"}}, {"model": "contenttypes.contenttype", "pk": 4, "fields": {"app_label": "auth", "model": "user"}}, {"model": "contenttypes.contenttype", "pk": 5, "fields": {"app_label": "contenttypes", "model": "contenttype"}}, {"model": "contenttypes.contenttype", "pk": 6, "fields": {"app_label": "sessions", "model": "session"}}, {"model": "contenttypes.contenttype", "pk": 7, "fields": {"app_label": "Reading", "model": "exam"}}, {"model": "contenttypes.contenttype", "pk": 8, "fields": {"app_label": "Reading", "model": "passage"}}, {"model": "contenttypes.contenttype", "pk": 9, "fields": {"app_label": "Reading", "model": "useranswer"}}, {"model": "contenttypes.contenttype", "pk": 10, "fields": {"app_label": "Reading", "model": "question"}}, {"model": "contenttypes.contenttype", "pk": 11, "fields": {"app_label": "Reading", "model": "profile"}}, {"model": "contenttypes.contenttype", "pk": 12, "fields": {"app_label": "Reading", "model": "comment"}}, {"model": "contenttypes.contenttype", "pk": 13, "fields": {"app_label": "Reading", "model": "answer"}}, {"model": "contenttypes.contenttype", "pk": 14, "fields": {"app_label": "thumbnail", "model": "kvstore"}}, {"model": "contenttypes.contenttype", "pk": 15, "fields": {"app_label": "Reading", "model": "favoritequestion"}}, {"model": "contenttypes.contenttype", "pk": 16, "fields": {"app_label": "Reading", "model": "ticketmessage"}}, {"model": "contenttypes.contenttype", "pk": 17, "fields": {"app_label": "Reading", "model": "ticket"}}, {"model": "contenttypes.contenttype", "pk": 18, "fields": {"app_label": "Reading", "model": "chat"}}, {"model": "contenttypes.contenttype", "pk": 19, "fields": {"app_label": "Reading", "model": "chatmessage"}}, {"model": "sessions.session", "pk": "2lo4jfbmcfhxslvdut72cf2whbbdgmlv", "fields": {"session_data": "OWFmOTYwOWZjMWQwZmVlODg1ZDcxZWNlY2MwY2M0MzRhYzhjNGY2ZTp7Il9hdXRoX3VzZXJfaWQiOiIzIiwiX2F1dGhfdXNlcl9iYWNrZW5kIjoiZGphbmdvLmNvbnRyaWIuYXV0aC5iYWNrZW5kcy5Nb2RlbEJhY2tlbmQiLCJfYXV0aF91c2VyX2hhc2giOiI1Y2M2NjgwOGVkOGMwNDY4NDQzODAyODVlZWJiY2EzZjJhNzAwMzU2In0=", "expire_date": "2020-01-02T13:13:35.956Z"}}, {"model": "sessions.session", "pk": "4q4dkbiv4vik9e4zy29j9elg8nvu2v7m", "fields": {"session_data": "ZjZlMDNlZmQ5OGRiODYyOTBmNTFhMjZlNGE1ZjFjZDYyMWM1ZGNiNzp7Il9hdXRoX3VzZXJfaWQiOiI1IiwiX2F1dGhfdXNlcl9iYWNrZW5kIjoiZGphbmdvLmNvbnRyaWIuYXV0aC5iYWNrZW5kcy5Nb2RlbEJhY2tlbmQiLCJfYXV0aF91c2VyX2hhc2giOiJhOTY5OGY5N2Y0MDE4YjJkNTkzMzZjNDI3ZTM4N2ZmYTM4NWY3YzhhIn0=", "expire_date": "2019-12-19T10:58:33.027Z"}}, {"model": "sessions.session", "pk": "pfkfhyaoo1zhumxsq02vfn7wftgxlbwr", "fields": {"session_data": "OWFmOTYwOWZjMWQwZmVlODg1ZDcxZWNlY2MwY2M0MzRhYzhjNGY2ZTp7Il9hdXRoX3VzZXJfaWQiOiIzIiwiX2F1dGhfdXNlcl9iYWNrZW5kIjoiZGphbmdvLmNvbnRyaWIuYXV0aC5iYWNrZW5kcy5Nb2RlbEJhY2tlbmQiLCJfYXV0aF91c2VyX2hhc2giOiI1Y2M2NjgwOGVkOGMwNDY4NDQzODAyODVlZWJiY2EzZjJhNzAwMzU2In0=", "expire_date": "2019-12-12T08:15:52.594Z"}}, {"model": "sessions.session", "pk": "phpkzwam08fqdxn4emadh5a4gc9hcjuh", "fields": {"session_data": "ZGJkN2I4Nzg5NzVlMzBkMmQ5ZGE5ZWMzM2U5MGFkMTgxZjA4NDk2Mjp7Il9hdXRoX3VzZXJfaWQiOiIxIiwiX2F1dGhfdXNlcl9iYWNrZW5kIjoiZGphbmdvLmNvbnRyaWIuYXV0aC5iYWNrZW5kcy5Nb2RlbEJhY2tlbmQiLCJfYXV0aF91c2VyX2hhc2giOiJlMmNiMDkyZTE1MDgwYWI1Yzk2YTM3MGJhODYxOTk1NGFhZTI5ZDQ1In0=", "expire_date": "2019-11-28T09:26:02.484Z"}}, {"model": "sessions.session", "pk": "qgfil74r7a9q4zkfl2ycpl7uk86arf9c", "fields": {"session_data": "ZjZlMDNlZmQ5OGRiODYyOTBmNTFhMjZlNGE1ZjFjZDYyMWM1ZGNiNzp7Il9hdXRoX3VzZXJfaWQiOiI1IiwiX2F1dGhfdXNlcl9iYWNrZW5kIjoiZGphbmdvLmNvbnRyaWIuYXV0aC5iYWNrZW5kcy5Nb2RlbEJhY2tlbmQiLCJfYXV0aF91c2VyX2hhc2giOiJhOTY5OGY5N2Y0MDE4YjJkNTkzMzZjNDI3ZTM4N2ZmYTM4NWY3YzhhIn0=", "expire_date": "2019-12-19T07:48:51.056Z"}}, {"model": "sessions.session", "pk": "xie385989auxipq1bpetscuq7fm7dnb5", "fields": {"session_data": "ZWI0NDNiYjYwODU5NjI5NjYxYjk3ODQwNjhkOGEyNTM1ODViMjNmZDp7fQ==", "expire_date": "2019-11-28T12:09:13.015Z"}}, {"model": "Reading.exam", "pk": 1, "fields": {"book": "cambridge", "category": "education", "difficulty": "intermediate", "image": "../media/media_QrYos1w.jpg"}}, {"model": "Reading.passage", "pk": 1, "fields": {"title": "reading 1", "text": "passage1_GL4DpND.html", "image": "../media/25328156_nc9PbHX.jpg", "exam": 1, "priority": 1}}, {"model": "Reading.passage", "pk": 2, "fields": {"title": "reading 2", "text": "passage2_0J6lqn4.html", "image": "../media/a.jpg", "exam": 1, "priority": 2}}, {"model": "Reading.question", "pk": 1, "fields": {"passage": 1, "text": "1?", "type": "truefalse", "priority": 1}}, {"model": "Reading.question", "pk": 2, "fields": {"passage": 2, "text": "nanaz", "type": "truefalse", "priority": 1}}, {"model": "Reading.question", "pk": 3, "fields": {"passage": 2, "text": "What had not become a hot topic until the French historian Philippe Aries\u2019 book caused great attention?", "type": "text", "priority": 2}}, {"model": "Reading.answer", "pk": 1, "fields": {"question": 1, "text": "a", "truth": true}}, {"model": "Reading.answer", "pk": 2, "fields": {"question": 2, "text": "lanat", "truth": true}}, {"model": "Reading.answer", "pk": 3, "fields": {"question": 3, "text": "text", "truth": true}}, {"model": "auth.permission", "pk": 1, "fields": {"name": "Can add log entry", "content_type": 1, "codename": "add_logentry"}}, {"model": "auth.permission", "pk": 2, "fields": {"name": "Can change log entry", "content_type": 1, "codename": "change_logentry"}}, {"model": "auth.permission", "pk": 3, "fields": {"name": "Can delete log entry", "content_type": 1, "codename": "delete_logentry"}}, {"model": "auth.permission", "pk": 4, "fields": {"name": "Can view log entry", "content_type": 1, "codename": "view_logentry"}}, {"model": "auth.permission", "pk": 5, "fields": {"name": "Can add permission", "content_type": 2, "codename": "add_permission"}}, {"model": "auth.permission", "pk": 6, "fields": {"name": "Can change permission", "content_type": 2, "codename": "change_permission"}}, {"model": "auth.permission", "pk": 7, "fields": {"name": "Can delete permission", "content_type": 2, "codename": "delete_permission"}}, {"model": "auth.permission", "pk": 8, "fields": {"name": "Can view permission", "content_type": 2, "codename": "view_permission"}}, {"model": "auth.permission", "pk": 9, "fields": {"name": "Can add group", "content_type": 3, "codename": "add_group"}}, {"model": "auth.permission", "pk": 10, "fields": {"name": "Can change group", "content_type": 3, "codename": "change_group"}}, {"model": "auth.permission", "pk": 11, "fields": {"name": "Can delete group", "content_type": 3, "codename": "delete_group"}}, {"model": "auth.permission", "pk": 12, "fields": {"name": "Can view group", "content_type": 3, "codename": "view_group"}}, {"model": "auth.permission", "pk": 13, "fields": {"name": "Can add user", "content_type": 4, "codename": "add_user"}}, {"model": "auth.permission", "pk": 14, "fields": {"name": "Can change user", "content_type": 4, "codename": "change_user"}}, {"model": "auth.permission", "pk": 15, "fields": {"name": "Can delete user", "content_type": 4, "codename": "delete_user"}}, {"model": "auth.permission", "pk": 16, "fields": {"name": "Can view user", "content_type": 4, "codename": "view_user"}}, {"model": "auth.permission", "pk": 17, "fields": {"name": "Can add content type", "content_type": 5, "codename": "add_contenttype"}}, {"model": "auth.permission", "pk": 18, "fields": {"name": "Can change content type", "content_type": 5, "codename": "change_contenttype"}}, {"model": "auth.permission", "pk": 19, "fields": {"name": "Can delete content type", "content_type": 5, "codename": "delete_contenttype"}}, {"model": "auth.permission", "pk": 20, "fields": {"name": "Can view content type", "content_type": 5, "codename": "view_contenttype"}}, {"model": "auth.permission", "pk": 21, "fields": {"name": "Can add session", "content_type": 6, "codename": "add_session"}}, {"model": "auth.permission", "pk": 22, "fields": {"name": "Can change session", "content_type": 6, "codename": "change_session"}}, {"model": "auth.permission", "pk": 23, "fields": {"name": "Can delete session", "content_type": 6, "codename": "delete_session"}}, {"model": "auth.permission", "pk": 24, "fields": {"name": "Can view session", "content_type": 6, "codename": "view_session"}}, {"model": "auth.permission", "pk": 25, "fields": {"name": "Can add exam", "content_type": 7, "codename": "add_exam"}}, {"model": "auth.permission", "pk": 26, "fields": {"name": "Can change exam", "content_type": 7, "codename": "change_exam"}}, {"model": "auth.permission", "pk": 27, "fields": {"name": "Can delete exam", "content_type": 7, "codename": "delete_exam"}}, {"model": "auth.permission", "pk": 28, "fields": {"name": "Can view exam", "content_type": 7, "codename": "view_exam"}}, {"model": "auth.permission", "pk": 29, "fields": {"name": "Can add passage", "content_type": 8, "codename": "add_passage"}}, {"model": "auth.permission", "pk": 30, "fields": {"name": "Can change passage", "content_type": 8, "codename": "change_passage"}}, {"model": "auth.permission", "pk": 31, "fields": {"name": "Can delete passage", "content_type": 8, "codename": "delete_passage"}}, {"model": "auth.permission", "pk": 32, "fields": {"name": "Can view passage", "content_type": 8, "codename": "view_passage"}}, {"model": "auth.permission", "pk": 33, "fields": {"name": "Can add user answer", "content_type": 9, "codename": "add_useranswer"}}, {"model": "auth.permission", "pk": 34, "fields": {"name": "Can change user answer", "content_type": 9, "codename": "change_useranswer"}}, {"model": "auth.permission", "pk": 35, "fields": {"name": "Can delete user answer", "content_type": 9, "codename": "delete_useranswer"}}, {"model": "auth.permission", "pk": 36, "fields": {"name": "Can view user answer", "content_type": 9, "codename": "view_useranswer"}}, {"model": "auth.permission", "pk": 37, "fields": {"name": "Can add question", "content_type": 10, "codename": "add_question"}}, {"model": "auth.permission", "pk": 38, "fields": {"name": "Can change question", "content_type": 10, "codename": "change_question"}}, {"model": "auth.permission", "pk": 39, "fields": {"name": "Can delete question", "content_type": 10, "codename": "delete_question"}}, {"model": "auth.permission", "pk": 40, "fields": {"name": "Can view question", "content_type": 10, "codename": "view_question"}}, {"model": "auth.permission", "pk": 41, "fields": {"name": "Can add profile", "content_type": 11, "codename": "add_profile"}}, {"model": "auth.permission", "pk": 42, "fields": {"name": "Can change profile", "content_type": 11, "codename": "change_profile"}}, {"model": "auth.permission", "pk": 43, "fields": {"name": "Can delete profile", "content_type": 11, "codename": "delete_profile"}}, {"model": "auth.permission", "pk": 44, "fields": {"name": "Can view profile", "content_type": 11, "codename": "view_profile"}}, {"model": "auth.permission", "pk": 45, "fields": {"name": "Can add comment", "content_type": 12, "codename": "add_comment"}}, {"model": "auth.permission", "pk": 46, "fields": {"name": "Can change comment", "content_type": 12, "codename": "change_comment"}}, {"model": "auth.permission", "pk": 47, "fields": {"name": "Can delete comment", "content_type": 12, "codename": "delete_comment"}}, {"model": "auth.permission", "pk": 48, "fields": {"name": "Can view comment", "content_type": 12, "codename": "view_comment"}}, {"model": "auth.permission", "pk": 49, "fields": {"name": "Can add answer", "content_type": 13, "codename": "add_answer"}}, {"model": "auth.permission", "pk": 50, "fields": {"name": "Can change answer", "content_type": 13, "codename": "change_answer"}}, {"model": "auth.permission", "pk": 51, "fields": {"name": "Can delete answer", "content_type": 13, "codename": "delete_answer"}}, {"model": "auth.permission", "pk": 52, "fields": {"name": "Can view answer", "content_type": 13, "codename": "view_answer"}}, {"model": "auth.permission", "pk": 53, "fields": {"name": "Can add kv store", "content_type": 14, "codename": "add_kvstore"}}, {"model": "auth.permission", "pk": 54, "fields": {"name": "Can change kv store", "content_type": 14, "codename": "change_kvstore"}}, {"model": "auth.permission", "pk": 55, "fields": {"name": "Can delete kv store", "content_type": 14, "codename": "delete_kvstore"}}, {"model": "auth.permission", "pk": 56, "fields": {"name": "Can view kv store", "content_type": 14, "codename": "view_kvstore"}}, {"model": "auth.permission", "pk": 57, "fields": {"name": "Can add favorite question", "content_type": 15, "codename": "add_favoritequestion"}}, {"model": "auth.permission", "pk": 58, "fields": {"name": "Can change favorite question", "content_type": 15, "codename": "change_favoritequestion"}}, {"model": "auth.permission", "pk": 59, "fields": {"name": "Can delete favorite question", "content_type": 15, "codename": "delete_favoritequestion"}}, {"model": "auth.permission", "pk": 60, "fields": {"name": "Can view favorite question", "content_type": 15, "codename": "view_favoritequestion"}}, {"model": "auth.permission", "pk": 61, "fields": {"name": "Can add message", "content_type": 16, "codename": "add_message"}}, {"model": "auth.permission", "pk": 62, "fields": {"name": "Can change message", "content_type": 16, "codename": "change_message"}}, {"model": "auth.permission", "pk": 63, "fields": {"name": "Can delete message", "content_type": 16, "codename": "delete_message"}}, {"model": "auth.permission", "pk": 64, "fields": {"name": "Can view message", "content_type": 16, "codename": "view_message"}}, {"model": "auth.permission", "pk": 65, "fields": {"name": "Can add ticket", "content_type": 17, "codename": "add_ticket"}}, {"model": "auth.permission", "pk": 66, "fields": {"name": "Can change ticket", "content_type": 17, "codename": "change_ticket"}}, {"model": "auth.permission", "pk": 67, "fields": {"name": "Can delete ticket", "content_type": 17, "codename": "delete_ticket"}}, {"model": "auth.permission", "pk": 68, "fields": {"name": "Can view ticket", "content_type": 17, "codename": "view_ticket"}}, {"model": "auth.permission", "pk": 69, "fields": {"name": "Can add ticket message", "content_type": 16, "codename": "add_ticketmessage"}}, {"model": "auth.permission", "pk": 70, "fields": {"name": "Can change ticket message", "content_type": 16, "codename": "change_ticketmessage"}}, {"model": "auth.permission", "pk": 71, "fields": {"name": "Can delete ticket message", "content_type": 16, "codename": "delete_ticketmessage"}}, {"model": "auth.permission", "pk": 72, "fields": {"name": "Can view ticket message", "content_type": 16, "codename": "view_ticketmessage"}}, {"model": "auth.permission", "pk": 73, "fields": {"name": "Can add chat", "content_type": 18, "codename": "add_chat"}}, {"model": "auth.permission", "pk": 74, "fields": {"name": "Can change chat", "content_type": 18, "codename": "change_chat"}}, {"model": "auth.permission", "pk": 75, "fields": {"name": "Can delete chat", "content_type": 18, "codename": "delete_chat"}}, {"model": "auth.permission", "pk": 76, "fields": {"name": "Can view chat", "content_type": 18, "codename": "view_chat"}}, {"model": "auth.permission", "pk": 77, "fields": {"name": "Can add chat message", "content_type": 19, "codename": "add_chatmessage"}}, {"model": "auth.permission", "pk": 78, "fields": {"name": "Can change chat message", "content_type": 19, "codename": "change_chatmessage"}}, {"model": "auth.permission", "pk": 79, "fields": {"name": "Can delete chat message", "content_type": 19, "codename": "delete_chatmessage"}}, {"model": "auth.permission", "pk": 80, "fields": {"name": "Can view chat message", "content_type": 19, "codename": "view_chatmessage"}}, {"model": "auth.group", "pk": 1, "fields": {"name": "Manager", "permissions": [49, 50, 51, 52, 45, 46, 47, 48, 25, 26, 27, 28, 29, 30, 31, 32, 41, 42, 43, 44, 37, 38, 39, 40, 33, 34, 35, 36, 13, 14, 15, 16]}}, {"model": "auth.group", "pk": 2, "fields": {"name": "Student", "permissions": [52, 45, 48, 28, 32, 41, 42, 44, 40, 33, 36, 13, 14, 16]}}, {"model": "auth.user", "pk": 1, "fields": {"password": "pbkdf2_sha256$150000$i68ldWoNsIjF$3PTCZysJ1qQajRCJfa8st85YXyMAgcryog2OwOsfIqA=", "last_login": "2019-11-21T06:38:05.069Z", "is_superuser": true, "username": "amirhossein", "first_name": "", "last_name": "", "email": "", "is_staff": true, "is_active": true, "date_joined": "2019-11-14T09:14:57.868Z", "groups": [], "user_permissions": []}}, {"model": "auth.user", "pk": 2, "fields": {"password": "pbkdf2_sha256$150000$nvwzIgJK0LNS$MlPqpLJyf8k6DH3NGkrhQ75gLojjklHRaGoywXg9IDM=", "last_login": "2019-11-14T09:23:42.145Z", "is_superuser": false, "username": "dr", "first_name": "behzad", "last_name": "chavoshi", "email": "dr@gmail.com", "is_staff": false, "is_active": true, "date_joined": "2019-11-14T09:19:20Z", "groups": [1], "user_permissions": []}}, {"model": "auth.user", "pk": 3, "fields": {"password": "pbkdf2_sha256$150000$7HA7VF2tANWZ$7Hmuij2JcW7c7KN0ZKWOr9d1g6wWl76EhlYRlz2eajc=", "last_login": "2019-12-19T13:13:35.927Z", "is_superuser": false, "username": "tavak", "first_name": "amirom", "last_name": "tavakoliii", "email": "amirtavak76@gmail.com", "is_staff": false, "is_active": true, "date_joined": "2019-11-14T09:20:54Z", "groups": [2], "user_permissions": []}}, {"model": "auth.user", "pk": 4, "fields": {"password": "pbkdf2_sha256$150000$v6T9z7O2yv3P$hB1I0koeP7lNsSaO0nf8+BSMimsQY6L/ezP+KvSq02U=", "last_login": "2019-11-14T09:23:02.954Z", "is_superuser": false, "username": "amir.shbk", "first_name": "amirsaloor", "last_name": "darvishpooor", "email": "amir.shbk@gmail.com", "is_staff": false, "is_active": true, "date_joined": "2019-11-14T09:22:35Z", "groups": [2], "user_permissions": []}}, {"model": "auth.user", "pk": 5, "fields": {"password": "pbkdf2_sha256$150000$rTa61lbDdl4I$uVPxq+SmfXWmk0srKzkTThO2HPPSLucdfjibSPUPFVU=", "last_login": "2019-12-19T09:43:35.412Z", "is_superuser": true, "username": "amirhossein_bri", "first_name": "", "last_name": "", "email": "", "is_staff": true, "is_active": true, "date_joined": "2019-11-21T06:39:02.969Z", "groups": [], "user_permissions": []}}, {"model": "Reading.profile", "pk": 4, "fields": {"user": 3, "phone_number": "09124849873", "address": "add"}}, {"model": "Reading.useranswer", "pk": 1, "fields": {"user": 4, "exam": 1, "answer": "{\"1\": \"wrong\"}", "grade": 0.0, "time": "2019-11-14T09:23:05.959Z", "counter": 1}}, {"model": "Reading.useranswer", "pk": 2, "fields": {"user": 4, "exam": 1, "answer": "{\"1\": \"correct\"}", "grade": 100.0, "time": "2019-11-14T09:23:12.195Z", "counter": 2}}, {"model": "Reading.useranswer", "pk": 3, "fields": {"user": 3, "exam": 1, "answer": "{\"1\": \"wrong\"}", "grade": 0.0, "time": "2019-11-14T09:23:28.098Z", "counter": 3}}, {"model": "Reading.useranswer", "pk": 4, "fields": {"user": 3, "exam": 1, "answer": "{\"1\": \"correct\"}", "grade": 100.0, "time": "2019-11-14T09:23:33.178Z", "counter": 4}}, {"model": "Reading.useranswer", "pk": 5, "fields": {"user": 5, "exam": 1, "answer": "{\"1\": \"wrong\", \"2\": \"wrong\", \"3\": \"wrong\"}", "grade": 0.0, "time": "2019-12-05T05:48:30.577Z", "counter": 5}}, {"model": "Reading.useranswer", "pk": 6, "fields": {"user": 3, "exam": 1, "answer": "{\"1\": \"correct\", \"2\": \"correct\", \"3\": \"wrong\"}", "grade": 66.67, "time": "2019-12-19T09:19:39.670Z", "counter": 6}}, {"model": "Reading.useranswer", "pk": 7, "fields": {"user": 3, "exam": 1, "answer": "{\"1\": \"correct\", \"2\": \"wrong\", \"3\": \"wrong\"}", "grade": 33.33, "time": "2019-12-19T13:19:48.876Z", "counter": 7}}, {"model": "Reading.favoritequestion", "pk": 1, "fields": {"question": 1, "user": 5}}, {"model": "Reading.favoritequestion", "pk": 2, "fields": {"question": 2, "user": 5}}, {"model": "Reading.favoritequestion", "pk": 3, "fields": {"question": 1, "user": 3}}, {"model": "Reading.favoritequestion", "pk": 4, "fields": {"question": 2, "user": 3}}, {"model": "Reading.ticket", "pk": 1, "fields": {"title": "title", "staff": null, "student": null, "date": "2019-12-12T09:54:34.864Z", "relate_unit": "\u062a\u0645\u0631\u06cc\u0646 \u0648 \u0622\u0645\u0648\u0632\u0634"}}, {"model": "Reading.ticket", "pk": 2, "fields": {"title": "nanaz", "staff": null, "student": null, "date": "2019-12-12T09:55:41.997Z", "relate_unit": "practice"}}, {"model": "Reading.ticket", "pk": 3, "fields": {"title": "wj", "staff": null, "student": null, "date": "2019-12-12T10:09:37.068Z", "relate_unit": "practice"}}, {"model": "Reading.ticket", "pk": 4, "fields": {"title": "dwdwdqq", "staff": null, "student": null, "date": "2019-12-12T10:13:46.410Z", "relate_unit": "practice"}}, {"model": "Reading.ticketmessage", "pk": 1, "fields": {"ticket": 3, "sender": 5, "text": "wefwef", "time": "2019-12-12T10:09:37.091Z"}}, {"model": "Reading.ticketmessage", "pk": 2, "fields": {"ticket": 3, "sender": 5, "text": "ascc", "time": "2019-12-12T10:50:58.701Z"}}, {"model": "Reading.ticketmessage", "pk": 3, "fields": {"ticket": 3, "sender": 5, "text": "asc", "time": "2019-12-12T10:52:22.692Z"}}, {"model": "Reading.ticketmessage", "pk": 4, "fields": {"ticket": 3, "sender": 5, "text": "wqdq", "time": "2019-12-12T10:52:30.750Z"}}, {"model": "Reading.ticketmessage", "pk": 5, "fields": {"ticket": 3, "sender": 3, "text": "sd", "time": "2019-12-12T10:55:59.225Z"}}, {"model": "Reading.ticketmessage", "pk": 6, "fields": {"ticket": 3, "sender": 3, "text": "ef", "time": "2019-12-19T06:12:04.015Z"}}, {"model": "Reading.chat", "pk": 1, "fields": {"sender": 3, "receiver": 4, "date": "2019-12-19T07:37:26.023Z"}}, {"model": "Reading.chat", "pk": 2, "fields": {"sender": 5, "receiver": 3, "date": "2019-12-19T07:39:44.880Z"}}, {"model": "Reading.chat", "pk": 3, "fields": {"sender": 5, "receiver": 4, "date": "2019-12-19T07:39:44.917Z"}}, {"model": "Reading.chatmessage", "pk": 1, "fields": {"chat": 1, "sender": 3, "text": "ad", "time": "2019-12-19T07:37:21.825Z"}}, {"model": "Reading.chatmessage", "pk": 2, "fields": {"chat": 1, "sender": 3, "text": "qwdqwd", "time": "2019-12-19T07:37:26.044Z"}}, {"model": "Reading.chatmessage", "pk": 3, "fields": {"chat": 2, "sender": 5, "text": "salam\r\n", "time": "2019-12-19T07:39:33.050Z"}}, {"model": "Reading.chatmessage", "pk": 4, "fields": {"chat": 3, "sender": 5, "text": "salam", "time": "2019-12-19T07:39:38.851Z"}}, {"model": "Reading.chatmessage", "pk": 5, "fields": {"chat": 2, "sender": 5, "text": "chetori", "time": "2019-12-19T07:39:44.899Z"}}, {"model": "Reading.chatmessage", "pk": 6, "fields": {"chat": 3, "sender": 5, "text": "chetori", "time": "2019-12-19T07:39:44.934Z"}}, {"model": "Reading.chatmessage", "pk": 7, "fields": {"chat": 2, "sender": 3, "text": "salam", "time": "2019-12-19T07:53:26.388Z"}}, {"model": "Reading.chatmessage", "pk": 8, "fields": {"chat": 2, "sender": 3, "text": "khovam", "time": "2019-12-19T07:53:30.192Z"}}, {"model": "admin.logentry", "pk": 1, "fields": {"action_time": "2019-11-14T09:17:06.496Z", "user": 1, "content_type": 3, "object_id": "1", "object_repr": "Manager", "action_flag": 1, "change_message": "[{\"added\": {}}]"}}, {"model": "admin.logentry", "pk": 2, "fields": {"action_time": "2019-11-14T09:19:00.005Z", "user": 1, "content_type": 3, "object_id": "2", "object_repr": "Student", "action_flag": 1, "change_message": "[{\"added\": {}}]"}}, {"model": "admin.logentry", "pk": 3, "fields": {"action_time": "2019-11-14T09:19:20.551Z", "user": 1, "content_type": 4, "object_id": "2", "object_repr": "dr", "action_flag": 1, "change_message": "[{\"added\": {}}]"}}, {"model": "admin.logentry", "pk": 4, "fields": {"action_time": "2019-11-14T09:19:41.695Z", "user": 1, "content_type": 4, "object_id": "2", "object_repr": "dr", "action_flag": 2, "change_message": "[{\"changed\": {\"fields\": [\"first_name\", \"last_name\", \"email\", \"groups\"]}}]"}}, {"model": "admin.logentry", "pk": 5, "fields": {"action_time": "2019-11-14T09:20:55.054Z", "user": 1, "content_type": 4, "object_id": "3", "object_repr": "tavak", "action_flag": 1, "change_message": "[{\"added\": {}}]"}}, {"model": "admin.logentry", "pk": 6, "fields": {"action_time": "2019-11-14T09:21:12.558Z", "user": 1, "content_type": 4, "object_id": "3", "object_repr": "tavak", "action_flag": 2, "change_message": "[{\"changed\": {\"fields\": [\"first_name\", \"last_name\", \"email\", \"groups\"]}}]"}}, {"model": "admin.logentry", "pk": 7, "fields": {"action_time": "2019-11-14T09:21:28.115Z", "user": 1, "content_type": 7, "object_id": "1", "object_repr": "cambridge", "action_flag": 1, "change_message": "[{\"added\": {}}]"}}, {"model": "admin.logentry", "pk": 8, "fields": {"action_time": "2019-11-14T09:21:58.348Z", "user": 1, "content_type": 8, "object_id": "1", "object_repr": "reading 1", "action_flag": 1, "change_message": "[{\"added\": {}}, {\"added\": {\"name\": \"question\", \"object\": \"1?\"}}]"}}, {"model": "admin.logentry", "pk": 9, "fields": {"action_time": "2019-11-14T09:22:12.520Z", "user": 1, "content_type": 13, "object_id": "1", "object_repr": "1?", "action_flag": 1, "change_message": "[{\"added\": {}}]"}}, {"model": "admin.logentry", "pk": 10, "fields": {"action_time": "2019-11-14T09:22:35.984Z", "user": 1, "content_type": 4, "object_id": "4", "object_repr": "amir.shbk", "action_flag": 1, "change_message": "[{\"added\": {}}]"}}, {"model": "admin.logentry", "pk": 11, "fields": {"action_time": "2019-11-14T09:22:53.459Z", "user": 1, "content_type": 4, "object_id": "4", "object_repr": "amir.shbk", "action_flag": 2, "change_message": "[{\"changed\": {\"fields\": [\"first_name\", \"last_name\", \"email\", \"groups\"]}}]"}}, {"model": "admin.logentry", "pk": 12, "fields": {"action_time": "2019-11-14T09:40:01.201Z", "user": 1, "content_type": 11, "object_id": "3", "object_repr": "amir, tavakoli", "action_flag": 3, "change_message": ""}}, {"model": "admin.logentry", "pk": 13, "fields": {"action_time": "2019-11-14T09:40:01.220Z", "user": 1, "content_type": 11, "object_id": "2", "object_repr": "amir, tavakoli", "action_flag": 3, "change_message": ""}}, {"model": "admin.logentry", "pk": 14, "fields": {"action_time": "2019-11-14T09:40:01.236Z", "user": 1, "content_type": 11, "object_id": "1", "object_repr": "amir, tavakoli", "action_flag": 3, "change_message": ""}}, {"model": "admin.logentry", "pk": 15, "fields": {"action_time": "2019-11-21T12:03:27.389Z", "user": 5, "content_type": 8, "object_id": "2", "object_repr": "reading 2", "action_flag": 1, "change_message": "[{\"added\": {}}, {\"added\": {\"name\": \"question\", \"object\": \"nanaz\"}}, {\"added\": {\"name\": \"question\", \"object\": \"What had not become a hot topic until the French historian Philippe Aries\\u2019 book caused great attention?\"}}]"}}, {"model": "admin.logentry", "pk": 16, "fields": {"action_time": "2019-11-21T12:03:54.322Z", "user": 5, "content_type": 13, "object_id": "2", "object_repr": "nanaz", "action_flag": 1, "change_message": "[{\"added\": {}}]"}}, {"model": "admin.logentry", "pk": 17, "fields": {"action_time": "2019-11-21T12:04:31.035Z", "user": 5, "content_type": 13, "object_id": "3", "object_repr": "What had not become a hot topic until the French historian Philippe Aries\u2019 book caused great attention?", "action_flag": 1, "change_message": "[{\"added\": {}}]"}}, {"model": "admin.logentry", "pk": 18, "fields": {"action_time": "2019-11-21T13:19:51.863Z", "user": 5, "content_type": 8, "object_id": "1", "object_repr": "reading 1", "action_flag": 2, "change_message": "[{\"changed\": {\"fields\": [\"text\", \"image\"]}}]"}}, {"model": "admin.logentry", "pk": 19, "fields": {"action_time": "2019-12-05T05:34:51.804Z", "user": 5, "content_type": 10, "object_id": "3", "object_repr": "What had not become a hot topic until the French historian Philippe Aries\u2019 book caused great attention?", "action_flag": 2, "change_message": "[{\"changed\": {\"fields\": [\"type\"]}}, {\"changed\": {\"name\": \"answer\", \"object\": \"What had not become a hot topic until the French historian Philippe Aries\\u2019 book caused great attention?\", \"fields\": [\"text\"]}}]"}}, {"model": "admin.logentry", "pk": 20, "fields": {"action_time": "2019-12-05T06:39:08.664Z", "user": 5, "content_type": 16, "object_id": "1", "object_repr": "Message object (1)", "action_flag": 1, "change_message": "[{\"added\": {}}]"}}, {"model": "admin.logentry", "pk": 21, "fields": {"action_time": "2019-12-05T07:29:37.271Z", "user": 5, "content_type": 16, "object_id": "2", "object_repr": "Message object (2)", "action_flag": 1, "change_message": "[{\"added\": {}}]"}}, {"model": "admin.logentry", "pk": 22, "fields": {"action_time": "2019-12-05T07:41:24.043Z", "user": 5, "content_type": 16, "object_id": "2", "object_repr": "Message object (2)", "action_flag": 2, "change_message": "[{\"changed\": {\"fields\": [\"title\", \"text\"]}}]"}}, {"model": "admin.logentry", "pk": 23, "fields": {"action_time": "2019-12-05T07:41:37.730Z", "user": 5, "content_type": 16, "object_id": "1", "object_repr": "Message object (1)", "action_flag": 2, "change_message": "[{\"changed\": {\"fields\": [\"title\", \"text\"]}}]"}}, {"model": "admin.logentry", "pk": 24, "fields": {"action_time": "2019-12-05T07:41:46.869Z", "user": 5, "content_type": 16, "object_id": "2", "object_repr": "Message object (2)", "action_flag": 2, "change_message": "[{\"changed\": {\"fields\": [\"title\", \"text\"]}}]"}}, {"model": "admin.logentry", "pk": 25, "fields": {"action_time": "2019-12-12T07:22:46.262Z", "user": 5, "content_type": 16, "object_id": "5", "object_repr": "Message object (5)", "action_flag": 3, "change_message": ""}}, {"model": "admin.logentry", "pk": 26, "fields": {"action_time": "2019-12-12T07:22:46.281Z", "user": 5, "content_type": 16, "object_id": "4", "object_repr": "Message object (4)", "action_flag": 3, "change_message": ""}}, {"model": "admin.logentry", "pk": 27, "fields": {"action_time": "2019-12-12T07:22:46.298Z", "user": 5, "content_type": 16, "object_id": "3", "object_repr": "Message object (3)", "action_flag": 3, "change_message": ""}}, {"model": "admin.logentry", "pk": 28, "fields": {"action_time": "2019-12-12T07:22:46.315Z", "user": 5, "content_type": 16, "object_id": "2", "object_repr": "Message object (2)", "action_flag": 3, "change_message": ""}}, {"model": "admin.logentry", "pk": 29, "fields": {"action_time": "2019-12-12T07:22:46.333Z", "user": 5, "content_type": 16, "object_id": "1", "object_repr": "Message object (1)", "action_flag": 3, "change_message": ""}}]